<?xml version="1.0" encoding="UTF-8"?>
<ERSynModel>
	<unChangeModel changeType="0" id1="yK3x_TqGAqCsMAoo" id2="VZgQozqGAqCsMA_d" name1="User" name2="User"/>
	<unChangeModel changeType="1" id1="tbYJ_TqGAqCsMAot" id2="dZgQozqGAqCsMA_f" name1="$key" name2="$key" parent1="yK3x_TqGAqCsMAoo" parent2="VZgQozqGAqCsMA_d"/>
	<unChangeModel changeType="1" id1="jZgQozqGAqCsMA_h" id2="EHJt_TqGAqCsMAoy" name1="firstName" name2="firstName" parent1="VZgQozqGAqCsMA_d" parent2="yK3x_TqGAqCsMAoo"/>
	<unChangeModel changeType="1" id1="TZgQozqGAqCsMA_j" id2="iU9t_TqGAqCsMAo0" name1="lastName" name2="lastName" parent1="VZgQozqGAqCsMA_d" parent2="yK3x_TqGAqCsMAoo"/>
	<unChangeModel changeType="1" id1="zZgQozqGAqCsMA_l" id2="RKu7_TqGAqCsMAo5" name1="email" name2="email" parent1="VZgQozqGAqCsMA_d" parent2="yK3x_TqGAqCsMAoo"/>
	<unChangeModel changeType="1" id1="LZgQozqGAqCsMA_n" id2="aVH3_TqGAqCsMApD" name1="photo" name2="photo" parent1="VZgQozqGAqCsMA_d" parent2="yK3x_TqGAqCsMAoo"/>
	<unChangeModel changeType="1" id1="qNFEAzqGAqCsMApH" id2="rZgQozqGAqCsMA_p" name1="gender" name2="gender" parent1="yK3x_TqGAqCsMAoo" parent2="VZgQozqGAqCsMA_d"/>
	<unChangeModel changeType="1" id1="7ZgQozqGAqCsMA_t" id2="fz.aIzqGAqCsMBH8" name1="rating" name2="rating" parent1="VZgQozqGAqCsMA_d" parent2="yK3x_TqGAqCsMAoo"/>
	<unChangeModel changeType="1" id1="A0VAozqGAqCsMAyV" id2="nZgQozqGAqCsMA_v" name1="type" name2="type" parent1="yK3x_TqGAqCsMAoo" parent2="VZgQozqGAqCsMA_d"/>
	<unChangeModel changeType="0" id1="3ZgQozqGAqCsMA_x" id2="CJ7UAzqGAqCsMApM" name1="Event" name2="Event"/>
	<unChangeModel changeType="1" id1="_ZgQozqGAqCsMA_z" id2="0LPUAzqGAqCsMApb" name1="$key" name2="$key" parent1="3ZgQozqGAqCsMA_x" parent2="CJ7UAzqGAqCsMApM"/>
	<unChangeModel changeType="1" id1="g5gQozqGAqCsMA_1" id2="kjk0AzqGAqCsMApd" name1="type" name2="type" parent1="3ZgQozqGAqCsMA_x" parent2="CJ7UAzqGAqCsMApM"/>
	<unChangeModel changeType="1" id1="lYh0AzqGAqCsMApf" id2="Q5gQozqGAqCsMA_3" name1="timestamp" name2="timestamp" parent1="CJ7UAzqGAqCsMApM" parent2="3ZgQozqGAqCsMA_x"/>
	<unChangeModel changeType="0" id1="w5gQozqGAqCsMA_5" id2="yf90AzqGAqCsMApk" name1="Address" name2="Address"/>
	<unChangeModel changeType="1" id1="lTYMAzqGAqCsMAp1" id2="Y5gQozqGAqCsMA_7" name1="$key" name2="$key" parent1="yf90AzqGAqCsMApk" parent2="w5gQozqGAqCsMA_5"/>
	<unChangeModel changeType="1" id1="ACH0AzqGAqCsMApz" id2="45gQozqGAqCsMA_9" name1="doorNumber" name2="doorNumber" parent1="yf90AzqGAqCsMApk" parent2="w5gQozqGAqCsMA_5"/>
	<unChangeModel changeType="1" id1="E5gQozqGAqCsMA__" id2="wZsMAzqGAqCsMAp3" name1="street" name2="street" parent1="w5gQozqGAqCsMA_5" parent2="yf90AzqGAqCsMApk"/>
	<unChangeModel changeType="1" id1="k5gQozqGAqCsMBAB" id2="MGOMAzqGAqCsMAp5" name1="area" name2="area" parent1="w5gQozqGAqCsMA_5" parent2="yf90AzqGAqCsMApk"/>
	<unChangeModel changeType="1" id1="lMRMAzqGAqCsMAp7" id2="U5gQozqGAqCsMBAD" name1="city" name2="city" parent1="yf90AzqGAqCsMApk" parent2="w5gQozqGAqCsMA_5"/>
	<unChangeModel changeType="1" id1="32_MAzqGAqCsMAp9" id2="05gQozqGAqCsMBAF" name1="district" name2="district" parent1="yf90AzqGAqCsMApk" parent2="w5gQozqGAqCsMA_5"/>
	<unChangeModel changeType="1" id1="lNwsAzqGAqCsMAp_" id2="M5gQozqGAqCsMBAH" name1="state" name2="state" parent1="yf90AzqGAqCsMApk" parent2="w5gQozqGAqCsMA_5"/>
	<unChangeModel changeType="1" id1="s5gQozqGAqCsMBAJ" id2="RPssAzqGAqCsMAqB" name1="country" name2="country" parent1="w5gQozqGAqCsMA_5" parent2="yf90AzqGAqCsMApk"/>
	<unChangeModel changeType="1" id1="85gQozqGAqCsMBAL" id2="ATmsAzqGAqCsMAqG" name1="pincode" name2="pincode" parent1="w5gQozqGAqCsMA_5" parent2="yf90AzqGAqCsMApk"/>
	<unChangeModel changeType="1" id1="3ClMgzqGAqCsMA.Q" id2="i5gQozqGAqCsMBAN" name1="active" name2="active" parent1="yf90AzqGAqCsMApk" parent2="w5gQozqGAqCsMA_5"/>
	<unChangeModel changeType="1" id1="y5gQozqGAqCsMBAP" id2="t0dMgzqGAqCsMA.T" name1="type" name2="type" parent1="w5gQozqGAqCsMA_5" parent2="yf90AzqGAqCsMApk"/>
	<unChangeModel changeType="1" id1="KGK8IzqGAqCsMBF5" id2="K5gQozqGAqCsMBAR" name1="phone" name2="phone" parent1="yf90AzqGAqCsMApk" parent2="w5gQozqGAqCsMA_5"/>
	<unChangeModel changeType="1" id1="q5gQozqGAqCsMBAT" id2=".s28IzqGAqCsMBF7" name1="email" name2="email" parent1="w5gQozqGAqCsMA_5" parent2="yf90AzqGAqCsMApk"/>
	<unChangeModel changeType="0" id1="buF2AzqGAqCsMAtB" id2="m5gQozqGAqCsMBAZ" name1="KeyVal" name2="KeyVal"/>
	<unChangeModel changeType="1" id1="FtT2AzqGAqCsMAtK" id2="25gQozqGAqCsMBAb" name1="$key" name2="$key" parent1="buF2AzqGAqCsMAtB" parent2="m5gQozqGAqCsMBAZ"/>
	<unChangeModel changeType="1" id1="GEv2AzqGAqCsMAtM" id2="O5gQozqGAqCsMBAd" name1="tableName" name2="tableName" parent1="buF2AzqGAqCsMAtB" parent2="m5gQozqGAqCsMBAZ"/>
	<unChangeModel changeType="1" id1="fh4OAzqGAqCsMAtP" id2="u5gQozqGAqCsMBAf" name1="key" name2="key" parent1="buF2AzqGAqCsMAtB" parent2="m5gQozqGAqCsMBAZ"/>
	<unChangeModel changeType="1" id1="e5gQozqGAqCsMBAh" id2="e7UOAzqGAqCsMAtR" name1="value" name2="value" parent1="m5gQozqGAqCsMBAZ" parent2="buF2AzqGAqCsMAtB"/>
	<unChangeModel changeType="0" id1="B5gQozqGAqCsMBAj" id2="9dXuAzqGAqCsMAvj" name1="CartItem" name2="CartItem"/>
	<unChangeModel changeType="1" id1="R5gQozqGAqCsMBAl" id2="5OgeAzqGAqCsMAvo" name1="$key" name2="$key" parent1="B5gQozqGAqCsMBAj" parent2="9dXuAzqGAqCsMAvj"/>
	<unChangeModel changeType="1" id1="x5gQozqGAqCsMBAn" id2="CSFBAzqGAqCsMAvw" name1="units" name2="units" parent1="B5gQozqGAqCsMBAj" parent2="9dXuAzqGAqCsMAvj"/>
	<unChangeModel changeType="0" id1="p0PhAzqGAqCsMAxE" id2="J5gQozqGAqCsMBAp" name1="Product" name2="Product"/>
	<unChangeModel changeType="1" id1="55gQozqGAqCsMBAr" id2="JI_hAzqGAqCsMAxO" name1="$key" name2="$key" parent1="J5gQozqGAqCsMBAp" parent2="p0PhAzqGAqCsMAxE"/>
	<unChangeModel changeType="1" id1="ONCIIzqGAqCsMBE_" id2="F5gQozqGAqCsMBAt" name1="name" name2="name" parent1="p0PhAzqGAqCsMAxE" parent2="J5gQozqGAqCsMBAp"/>
	<unChangeModel changeType="1" id1="l5gQozqGAqCsMBAv" id2="5bTIIzqGAqCsMBFH" name1="sellerKey" name2="sellerKey" parent1="J5gQozqGAqCsMBAp" parent2="p0PhAzqGAqCsMAxE"/>
	<unChangeModel changeType="1" id1="V5gQozqGAqCsMBAx" id2="qmHIIzqGAqCsMBFJ" name1="length" name2="length" parent1="J5gQozqGAqCsMBAp" parent2="p0PhAzqGAqCsMAxE"/>
	<unChangeModel changeType="1" id1="Y6ooIzqGAqCsMBFL" id2="15gQozqGAqCsMBAz" name1="height" name2="height" parent1="p0PhAzqGAqCsMAxE" parent2="J5gQozqGAqCsMBAp"/>
	<unChangeModel changeType="1" id1="bYEoIzqGAqCsMBFN" id2="N5gQozqGAqCsMBA1" name1="weight" name2="weight" parent1="p0PhAzqGAqCsMAxE" parent2="J5gQozqGAqCsMBAp"/>
	<unChangeModel changeType="1" id1="rlgYIzqGAqCsMBFR" id2="t5gQozqGAqCsMBA3" name1="vendorKey" name2="vendorKey" parent1="p0PhAzqGAqCsMAxE" parent2="J5gQozqGAqCsMBAp"/>
	<unChangeModel changeType="0" id1="95gQozqGAqCsMBA5" id2=".mNRAzqGAqCsMAyj" name1="Card" name2="Card"/>
	<unChangeModel changeType="1" id1="T5gQozqGAqCsMBA7" id2="euOxAzqGAqCsMAys" name1="$key" name2="$key" parent1="95gQozqGAqCsMBA5" parent2=".mNRAzqGAqCsMAyj"/>
	<unChangeModel changeType="1" id1="z5gQozqGAqCsMBA9" id2="d6BxAzqGAqCsMAyu" name1="number" name2="number" parent1="95gQozqGAqCsMBA5" parent2=".mNRAzqGAqCsMAyj"/>
	<unChangeModel changeType="1" id1="L5gQozqGAqCsMBA_" id2="UuNxAzqGAqCsMAyw" name1="holderName" name2="holderName" parent1="95gQozqGAqCsMBA5" parent2=".mNRAzqGAqCsMAyj"/>
	<unChangeModel changeType="1" id1="GqTxAzqGAqCsMAyy" id2="b5gQozqGAqCsMBBB" name1="expiryDate" name2="expiryDate" parent1=".mNRAzqGAqCsMAyj" parent2="95gQozqGAqCsMBA5"/>
	<unChangeModel changeType="1" id1="KkXxAzqGAqCsMAy0" id2="H5gQozqGAqCsMBBD" name1="cvv" name2="cvv" parent1=".mNRAzqGAqCsMAyj" parent2="95gQozqGAqCsMBA5"/>
	<unChangeModel changeType="1" id1="76UYgzqGAqCsMA5_" id2="n5gQozqGAqCsMBBF" name1="default" name2="default" parent1=".mNRAzqGAqCsMAyj" parent2="95gQozqGAqCsMBA5"/>
	<unChangeModel changeType="0" id1="X5gQozqGAqCsMBBH" id2="G6HJAzqGAqCsMAzx" name1="Inventory" name2="Inventory"/>
	<unChangeModel changeType="1" id1="P5gQozqGAqCsMBBJ" id2="S.vJAzqGAqCsMAz1" name1="$key" name2="$key" parent1="X5gQozqGAqCsMBBH" parent2="G6HJAzqGAqCsMAzx"/>
	<unChangeModel changeType="1" id1="quLpAzqGAqCsMAz_" id2="v5gQozqGAqCsMBBL" name1="units" name2="units" parent1="G6HJAzqGAqCsMAzx" parent2="X5gQozqGAqCsMBBH"/>
	<unChangeModel changeType="1" id1="fxCpAzqGAqCsMAz7" id2="f5gQozqGAqCsMBBN" name1="buyingPrice" name2="buyingPrice" parent1="G6HJAzqGAqCsMAzx" parent2="X5gQozqGAqCsMBBH"/>
	<unChangeModel changeType="1" id1="_5gQozqGAqCsMBBP" id2="OlppAzqGAqCsMAz9" name1="sellingPrice" name2="sellingPrice" parent1="X5gQozqGAqCsMBBH" parent2="G6HJAzqGAqCsMAzx"/>
	<unChangeModel changeType="1" id1="ARs5AzqGAqCsMA1Z" id2="gFgQozqGAqCsMBBR" name1="reorderPoint" name2="reorderPoint" parent1="G6HJAzqGAqCsMAzx" parent2="X5gQozqGAqCsMBBH"/>
	<unChangeModel changeType="1" id1="uf25AzqGAqCsMA1b" id2="QFgQozqGAqCsMBBT" name1="reorderUnits" name2="reorderUnits" parent1="G6HJAzqGAqCsMAzx" parent2="X5gQozqGAqCsMBBH"/>
	<unChangeModel changeType="0" id1="wFgQozqGAqCsMBBV" id2="vPPpAzqGAqCsMA0S" name1="WareHouse" name2="WareHouse"/>
	<unChangeModel changeType="1" id1="oFgQozqGAqCsMBBX" id2="AsAZAzqGAqCsMA0c" name1="$key" name2="$key" parent1="wFgQozqGAqCsMBBV" parent2="vPPpAzqGAqCsMA0S"/>
	<unChangeModel changeType="1" id1="YFgQozqGAqCsMBBZ" id2="aIwZAzqGAqCsMA0e" name1="name" name2="name" parent1="wFgQozqGAqCsMBBV" parent2="vPPpAzqGAqCsMA0S"/>
	<unChangeModel changeType="1" id1="4FgQozqGAqCsMBBb" id2="6QYZAzqGAqCsMA0g" name1="addressKey" name2="addressKey" parent1="wFgQozqGAqCsMBBV" parent2="vPPpAzqGAqCsMA0S"/>
	<unChangeModel changeType="0" id1="4FgQozqGAqCsMBBd" id2="hkf5AzqGAqCsMA1g" name1="Cart" name2="Cart"/>
	<unChangeModel changeType="1" id1="kFgQozqGAqCsMBBf" id2="lSnFAzqGAqCsMA2N" name1="$key" name2="$key" parent1="4FgQozqGAqCsMBBd" parent2="hkf5AzqGAqCsMA1g"/>
	<unChangeModel changeType="1" id1="UFgQozqGAqCsMBBh" id2="xsglAzqGAqCsMA2R" name1="name" name2="name" parent1="4FgQozqGAqCsMBBd" parent2="hkf5AzqGAqCsMA1g"/>
	<unChangeModel changeType="0" id1="UFgQozqGAqCsMBBj" id2="NZ7TAzqGAqCsMA4a" name1="Order" name2="Order"/>
	<unChangeModel changeType="1" id1="jyPTAzqGAqCsMA4f" id2="0FgQozqGAqCsMBBl" name1="$key" name2="$key" parent1="NZ7TAzqGAqCsMA4a" parent2="UFgQozqGAqCsMBBj"/>
	<unChangeModel changeType="1" id1="YxbwgzqGAqCsMA4t" id2="MFgQozqGAqCsMBBn" name1="paymentKey" name2="paymentKey" parent1="NZ7TAzqGAqCsMA4a" parent2="UFgQozqGAqCsMBBj"/>
	<unChangeModel changeType="1" id1="y_EIgzqGAqCsMA4v" id2="sFgQozqGAqCsMBBp" name1="invoiceKey" name2="invoiceKey" parent1="NZ7TAzqGAqCsMA4a" parent2="UFgQozqGAqCsMBBj"/>
	<unChangeModel changeType="1" id1="cFgQozqGAqCsMBBr" id2="KngzAzqGAqCsMA4k" name1="dateCreated" name2="dateCreated" parent1="UFgQozqGAqCsMBBj" parent2="NZ7TAzqGAqCsMA4a"/>
	<unChangeModel changeType="1" id1="cFgQozqGAqCsMBBt" id2="9.BigzqGAqCsMBA4" name1="shipmentTrackingNumber" name2="shipmentTrackingNumber" parent1="UFgQozqGAqCsMBBj" parent2="NZ7TAzqGAqCsMA4a"/>
	<unChangeModel changeType="1" id1="Y5bigzqGAqCsMBA8" id2="8FgQozqGAqCsMBBv" name1="discountPercentage" name2="discountPercentage" parent1="NZ7TAzqGAqCsMA4a" parent2="UFgQozqGAqCsMBBj"/>
	<unChangeModel changeType="1" id1="CFgQozqGAqCsMBBx" id2="vUPigzqGAqCsMBA." name1="discount" name2="discount" parent1="UFgQozqGAqCsMBBj" parent2="NZ7TAzqGAqCsMA4a"/>
	<unChangeModel changeType="1" id1="Pd5igzqGAqCsMBA6" id2="iFgQozqGAqCsMBBz" name1="shipmentAmount" name2="shipmentAmount" parent1="NZ7TAzqGAqCsMA4a" parent2="UFgQozqGAqCsMBBj"/>
	<unChangeModel changeType="1" id1="SFgQozqGAqCsMBB1" id2="ar4wgzqGAqCsMA4o" name1="totalAmount" name2="totalAmount" parent1="UFgQozqGAqCsMBBj" parent2="NZ7TAzqGAqCsMA4a"/>
	<unChangeModel changeType="0" id1="yFgQozqGAqCsMBB3" id2="rMkEgzqGAqCsMA7z" name1="OrderLine" name2="OrderLine"/>
	<unChangeModel changeType="1" id1="qFgQozqGAqCsMBB5" id2="kOJEgzqGAqCsMA7_" name1="$key" name2="$key" parent1="yFgQozqGAqCsMBB3" parent2="rMkEgzqGAqCsMA7z"/>
	<unChangeModel changeType="1" id1="aFgQozqGAqCsMBB7" id2="KLFEgzqGAqCsMA8F" name1="price" name2="price" parent1="yFgQozqGAqCsMBB3" parent2="rMkEgzqGAqCsMA7z"/>
	<unChangeModel changeType="1" id1="TvSkgzqGAqCsMA8c" id2="aFgQozqGAqCsMBB9" name1="discountPercentage" name2="discountPercentage" parent1="rMkEgzqGAqCsMA7z" parent2="yFgQozqGAqCsMBB3"/>
	<unChangeModel changeType="1" id1="6FgQozqGAqCsMBB_" id2="7_nEgzqGAqCsMA8N" name1="discount" name2="discount" parent1="yFgQozqGAqCsMBB3" parent2="rMkEgzqGAqCsMA7z"/>
	<unChangeModel changeType="1" id1="WFgQozqGAqCsMBCB" id2="r15EgzqGAqCsMA8D" name1="units" name2="units" parent1="yFgQozqGAqCsMBB3" parent2="rMkEgzqGAqCsMA7z"/>
	<unChangeModel changeType="1" id1="2FgQozqGAqCsMBCD" id2="ZjtEgzqGAqCsMA8H" name1="amount" name2="amount" parent1="yFgQozqGAqCsMBB3" parent2="rMkEgzqGAqCsMA7z"/>
	<unChangeModel changeType="0" id1="0RysgzqGAqCsMA.1" id2="uFgQozqGAqCsMBCF" name1="ShippingCharge" name2="ShippingCharge"/>
	<unChangeModel changeType="1" id1="lk6sgzqGAqCsMA.9" id2=".FgQozqGAqCsMBCH" name1="$key" name2="$key" parent1="0RysgzqGAqCsMA.1" parent2="uFgQozqGAqCsMBCF"/>
	<unChangeModel changeType="1" id1="5FgQozqGAqCsMBCJ" id2="B_LaIzqGAqCsMBIO" name1="country" name2="country" parent1="uFgQozqGAqCsMBCF" parent2="0RysgzqGAqCsMA.1"/>
	<unChangeModel changeType="1" id1="FFgQozqGAqCsMBCL" id2="6nWsgzqGAqCsMA._" name1="zip" name2="zip" parent1="uFgQozqGAqCsMBCF" parent2="0RysgzqGAqCsMA.1"/>
	<unChangeModel changeType="1" id1="wiesgzqGAqCsMA_B" id2="lFgQozqGAqCsMBCN" name1="amount" name2="amount" parent1="0RysgzqGAqCsMA.1" parent2="uFgQozqGAqCsMBCF"/>
	<unChangeModel changeType="0" id1="u.jcgzqGAqCsMA_5" id2="VFgQozqGAqCsMBCP" name1="Invoice" name2="Invoice"/>
	<unChangeModel changeType="1" id1="NFgQozqGAqCsMBCR" id2="5yQ8gzqGAqCsMBAC" name1="$key" name2="$key" parent1="VFgQozqGAqCsMBCP" parent2="u.jcgzqGAqCsMA_5"/>
	<unChangeModel changeType="1" id1="tFgQozqGAqCsMBCT" id2="ZtE8gzqGAqCsMBAE" name1="invoiceDate" name2="invoiceDate" parent1="VFgQozqGAqCsMBCP" parent2="u.jcgzqGAqCsMA_5"/>
	<unChangeModel changeType="0" id1="dFgQozqGAqCsMBCV" id2="nKySgzqGAqCsMBBS" name1="ShippingEvent" name2="ShippingEvent"/>
	<unChangeModel changeType="1" id1="jFgQozqGAqCsMBCX" id2="N2GSgzqGAqCsMBBe" name1="$key" name2="$key" parent1="dFgQozqGAqCsMBCV" parent2="nKySgzqGAqCsMBBS"/>
	<unChangeModel changeType="1" id1="zFgQozqGAqCsMBCZ" id2="zIeSgzqGAqCsMBBg" name1="type" name2="type" parent1="dFgQozqGAqCsMBCV" parent2="nKySgzqGAqCsMBBS"/>
	<unChangeModel changeType="0" id1="LFgQozqGAqCsMBCb" id2="Tv26gzqGAqCsMBCE" name1="JournalLine" name2="JournalLine"/>
	<unChangeModel changeType="1" id1="bFgQozqGAqCsMBCd" id2="H0B6gzqGAqCsMBCK" name1="$key" name2="$key" parent1="LFgQozqGAqCsMBCb" parent2="Tv26gzqGAqCsMBCE"/>
	<unChangeModel changeType="1" id1="n0n6gzqGAqCsMBCQ" id2="7FgQozqGAqCsMBCf" name1="TransactionAmount" name2="transactionAmount" parent1="Tv26gzqGAqCsMBCE" parent2="LFgQozqGAqCsMBCb"/>
	<unChangeModel changeType="0" id1="HFgQozqGAqCsMBCh" id2="ANamgzqGAqCsMBDS" name1="Account" name2="Account"/>
	<unChangeModel changeType="1" id1="3AmmgzqGAqCsMBDb" id2="XFgQozqGAqCsMBCj" name1="$key" name2="$key" parent1="ANamgzqGAqCsMBDS" parent2="HFgQozqGAqCsMBCh"/>
	<unChangeModel changeType="1" id1="CwfmgzqGAqCsMBDe" id2="3FgQozqGAqCsMBCl" name1="name" name2="name" parent1="ANamgzqGAqCsMBDS" parent2="HFgQozqGAqCsMBCh"/>
	<unChangeModel changeType="0" id1="athWgzqGAqCsMBD8" id2="vFgQozqGAqCsMBCp" name1="Brand" name2="Brand"/>
	<unChangeModel changeType="1" id1="_FgQozqGAqCsMBCr" id2=".exWgzqGAqCsMBD_" name1="$key" name2="$key" parent1="vFgQozqGAqCsMBCp" parent2="athWgzqGAqCsMBD8"/>
	<unChangeModel changeType="1" id1="glgQozqGAqCsMBCt" id2="C0JWgzqGAqCsMBEB" name1="name" name2="name" parent1="vFgQozqGAqCsMBCp" parent2="athWgzqGAqCsMBD8"/>
	<unChangeModel changeType="1" id1="QlgQozqGAqCsMBCv" id2="u7JWgzqGAqCsMBED" name1="rating" name2="rating" parent1="vFgQozqGAqCsMBCp" parent2="athWgzqGAqCsMBD8"/>
	<unChangeModel changeType="0" id1="j.ASIzqGAqCsMBGQ" id2="IlgQozqGAqCsMBCx" name1="Review" name2="Review"/>
	<unChangeModel changeType="1" id1="YlgQozqGAqCsMBCz" id2="zSwSIzqGAqCsMBGV" name1="$key" name2="$key" parent1="IlgQozqGAqCsMBCx" parent2="j.ASIzqGAqCsMBGQ"/>
	<unChangeModel changeType="1" id1="U44KIzqGAqCsMBGv" id2="4lgQozqGAqCsMBC1" name1="subject" name2="subject" parent1="j.ASIzqGAqCsMBGQ" parent2="IlgQozqGAqCsMBCx"/>
	<unChangeModel changeType="1" id1="62cKIzqGAqCsMBGx" id2="ElgQozqGAqCsMBC3" name1="subjectKey" name2="subjectKey" parent1="j.ASIzqGAqCsMBGQ" parent2="IlgQozqGAqCsMBCx"/>
	<unChangeModel changeType="1" id1="bXoSIzqGAqCsMBGX" id2="UlgQozqGAqCsMBC5" name1="title" name2="title" parent1="j.ASIzqGAqCsMBGQ" parent2="IlgQozqGAqCsMBCx"/>
	<unChangeModel changeType="1" id1="XLUSIzqGAqCsMBGa" id2="0lgQozqGAqCsMBC7" name1="text" name2="text" parent1="j.ASIzqGAqCsMBGQ" parent2="IlgQozqGAqCsMBCx"/>
	<unChangeModel changeType="1" id1="MlgQozqGAqCsMBC9" id2="jP6SIzqGAqCsMBGc" name1="rating" name2="rating" parent1="IlgQozqGAqCsMBCx" parent2="j.ASIzqGAqCsMBGQ"/>
	<unChangeModel changeType="1" id1="qd6yIzqGAqCsMBGp" id2="slgQozqGAqCsMBC_" name1="createdDate" name2="createdDate" parent1="j.ASIzqGAqCsMBGQ" parent2="IlgQozqGAqCsMBCx"/>
	<unChangeModel changeType="0" id1="oPC6IzqGAqCsMBIy" id2="clgQozqGAqCsMBDB" name1="picture" name2="Picture"/>
	<unChangeModel changeType="1" id1="ilgQozqGAqCsMBDD" id2="HiK6IzqGAqCsMBI6" name1="$key" name2="$key" parent1="clgQozqGAqCsMBDB" parent2="oPC6IzqGAqCsMBIy"/>
	<unChangeModel changeType="1" id1="5x66IzqGAqCsMBI8" id2="SlgQozqGAqCsMBDF" name1="text" name2="text" parent1="oPC6IzqGAqCsMBIy" parent2="clgQozqGAqCsMBDB"/>
	<unChangeModel changeType="1" id1="ylgQozqGAqCsMBDH" id2="4re6IzqGAqCsMBI." name1="thumbnail" name2="thumbnail" parent1="clgQozqGAqCsMBDB" parent2="oPC6IzqGAqCsMBIy"/>
	<unChangeModel changeType="1" id1="qlgQozqGAqCsMBDJ" id2="YOJ6IzqGAqCsMBJA" name1="frontView" name2="frontView" parent1="clgQozqGAqCsMBDB" parent2="oPC6IzqGAqCsMBIy"/>
	<unChangeModel changeType="1" id1="algQozqGAqCsMBDL" id2="JZb6IzqGAqCsMBJC" name1="backView" name2="backView" parent1="clgQozqGAqCsMBDB" parent2="oPC6IzqGAqCsMBIy"/>
	<unChangeModel changeType="1" id1="algQozqGAqCsMBDN" id2="y6n6IzqGAqCsMBJE" name1="leftView" name2="leftView" parent1="clgQozqGAqCsMBDB" parent2="oPC6IzqGAqCsMBIy"/>
	<unChangeModel changeType="1" id1="GlgQozqGAqCsMBDP" id2="8s36IzqGAqCsMBJG" name1="rightView" name2="rightView" parent1="clgQozqGAqCsMBDB" parent2="oPC6IzqGAqCsMBIy"/>
	<unChangeModel changeType="1" id1="mlgQozqGAqCsMBDR" id2="hpgGIzqGAqCsMBJI" name1="topView" name2="topView" parent1="clgQozqGAqCsMBDB" parent2="oPC6IzqGAqCsMBIy"/>
	<unChangeModel changeType="1" id1="0PQGIzqGAqCsMBJK" id2="WlgQozqGAqCsMBDT" name1="bottomView" name2="bottomView" parent1="oPC6IzqGAqCsMBIy" parent2="clgQozqGAqCsMBDB"/>
	<unChangeModel changeType="1" id1="OSoGIzqGAqCsMBJM" id2="2lgQozqGAqCsMBDV" name1="closeView1" name2="closeView1" parent1="oPC6IzqGAqCsMBIy" parent2="clgQozqGAqCsMBDB"/>
	<unChangeModel changeType="1" id1="UnkGIzqGAqCsMBJO" id2="OlgQozqGAqCsMBDX" name1="closeView2" name2="closeView2" parent1="oPC6IzqGAqCsMBIy" parent2="clgQozqGAqCsMBDB"/>
	<unChangeModel changeType="1" id1="ulgQozqGAqCsMBDZ" id2="bfsGIzqGAqCsMBJQ" name1="otherView1" name2="otherView1" parent1="clgQozqGAqCsMBDB" parent2="oPC6IzqGAqCsMBIy"/>
	<unChangeModel changeType="1" id1="yJiGIzqGAqCsMBJS" id2="elgQozqGAqCsMBDb" name1="otherView2" name2="otherView2" parent1="oPC6IzqGAqCsMBIy" parent2="clgQozqGAqCsMBDB"/>
	<unChangeModel changeType="1" id1="_.SGIzqGAqCsMBJU" id2=".lgQozqGAqCsMBDd" name1="otherView3" name2="otherView3" parent1="oPC6IzqGAqCsMBIy" parent2="clgQozqGAqCsMBDB"/>
	<unChangeModel changeType="1" id1="NZyGIzqGAqCsMBJW" id2="BlgQozqGAqCsMBDf" name1="otherView4" name2="otherView4" parent1="oPC6IzqGAqCsMBIy" parent2="clgQozqGAqCsMBDB"/>
	<unChangeModel changeType="1" id1="hlgQozqGAqCsMBDh" id2="S0qGIzqGAqCsMBJY" name1="bigView" name2="bigView" parent1="clgQozqGAqCsMBDB" parent2="oPC6IzqGAqCsMBIy"/>
	<unChangeModel changeType="1" id1="xlgQozqGAqCsMBDj" id2="tzuGIzqGAqCsMBJa" name1="largeView" name2="largeView" parent1="clgQozqGAqCsMBDB" parent2="oPC6IzqGAqCsMBIy"/>
	<unChangeModel changeType="1" id1="JlgQozqGAqCsMBDl" id2="ksamIzqGAqCsMBJc" name1="maxResolution" name2="maxResolution" parent1="clgQozqGAqCsMBDB" parent2="oPC6IzqGAqCsMBIy"/>
	<unChangeModel changeType="0" id1="7K9mIzqGAqCsMBKF" id2="ZlgQozqGAqCsMBDn" name1="unitOfMeasure" name2="UnitOfMeasure"/>
	<unChangeModel changeType="1" id1="FlgQozqGAqCsMBDp" id2="DoLmIzqGAqCsMBKJ" name1="$key" name2="$key" parent1="ZlgQozqGAqCsMBDn" parent2="7K9mIzqGAqCsMBKF"/>
	<unChangeModel changeType="1" id1="Am4WIzqGAqCsMBKL" id2="FlgQozqGAqCsMBDr" name1="code" name2="code" parent1="7K9mIzqGAqCsMBKF" parent2="ZlgQozqGAqCsMBDn"/>
	<unChangeModel changeType="0" id1="llgQozqGAqCsMBDt" id2="H22WIzqGAqCsMBKk" name1="Color" name2="color"/>
	<unChangeModel changeType="1" id1="NQuWIzqGAqCsMBKo" id2="1lgQozqGAqCsMBDv" name1="$key" name2="$key" parent1="H22WIzqGAqCsMBKk" parent2="llgQozqGAqCsMBDt"/>
	<unChangeModel changeType="1" id1="1lgQozqGAqCsMBDx" id2="Sg82IzqGAqCsMBKw" name1="code" name2="code" parent1="llgQozqGAqCsMBDt" parent2="H22WIzqGAqCsMBKk"/>
	<unChangeModel changeType="1" id1="NlgQozqGAqCsMBDz" id2="4RRWIzqGAqCsMBKq" name1="name" name2="name" parent1="llgQozqGAqCsMBDt" parent2="H22WIzqGAqCsMBKk"/>
	<unChangeModel changeType="1" id1="tlgQozqGAqCsMBD1" id2="avJWIzqGAqCsMBKs" name1="rgbaValue" name2="rgbaValue" parent1="llgQozqGAqCsMBDt" parent2="H22WIzqGAqCsMBKk"/>
	<unChangeModel changeType="1" id1="dlgQozqGAqCsMBD3" id2="AvA2IzqGAqCsMBKu" name1="hexValue" name2="hexValue" parent1="llgQozqGAqCsMBDt" parent2="H22WIzqGAqCsMBKk"/>
	<unChangeModel changeType="0" id1="b29OIzqGAqCsMBLb" id2="9lgQozqGAqCsMBD5" name1="Size" name2="Size"/>
	<unChangeModel changeType="1" id1="MlbOIzqGAqCsMBLn" id2="jlgQozqGAqCsMBD7" name1="$key" name2="$key" parent1="b29OIzqGAqCsMBLb" parent2="9lgQozqGAqCsMBD5"/>
	<unChangeModel changeType="1" id1="mBAuIzqGAqCsMBL2" id2="TlgQozqGAqCsMBD9" name1="usaCode" name2="usaCode" parent1="b29OIzqGAqCsMBLb" parent2="9lgQozqGAqCsMBD5"/>
	<unChangeModel changeType="1" id1="zlgQozqGAqCsMBD_" id2="9B1uIzqGAqCsMBL4" name1="indianCode" name2="indianCode" parent1="9lgQozqGAqCsMBD5" parent2="b29OIzqGAqCsMBLb"/>
	<unChangeModel changeType="1" id1="LlgQozqGAqCsMBEB" id2="pDduIzqGAqCsMBL6" name1="europeanCode" name2="europeanCode" parent1="9lgQozqGAqCsMBD5" parent2="b29OIzqGAqCsMBLb"/>
	<unChangeModel changeType="1" id1="ByzuIzqGAqCsMBL9" id2="rlgQozqGAqCsMBED" name1="asianCode" name2="asianCode" parent1="b29OIzqGAqCsMBLb" parent2="9lgQozqGAqCsMBD5"/>
	<unChangeModel changeType="1" id1="CTruIzqGAqCsMBL_" id2="blgQozqGAqCsMBEF" name1="length" name2="length" parent1="b29OIzqGAqCsMBLb" parent2="9lgQozqGAqCsMBD5"/>
	<unChangeModel changeType="1" id1="HlgQozqGAqCsMBEH" id2="w0nuIzqGAqCsMBMB" name1="width" name2="width" parent1="9lgQozqGAqCsMBD5" parent2="b29OIzqGAqCsMBLb"/>
	<unChangeModel changeType="1" id1="1QXuIzqGAqCsMBMD" id2="nlgQozqGAqCsMBEJ" name1="height" name2="height" parent1="b29OIzqGAqCsMBLb" parent2="9lgQozqGAqCsMBD5"/>
	<unChangeModel changeType="1" id1="XlgQozqGAqCsMBEL" id2="OE3uIzqGAqCsMBMF" name1="bustLength" name2="bustLength" parent1="9lgQozqGAqCsMBD5" parent2="b29OIzqGAqCsMBLb"/>
	<unChangeModel changeType="1" id1="W6MeIzqGAqCsMBMH" id2="3lgQozqGAqCsMBEN" name1="waistLength" name2="waistLength" parent1="b29OIzqGAqCsMBLb" parent2="9lgQozqGAqCsMBD5"/>
	<unChangeModel changeType="1" id1="PlgQozqGAqCsMBEP" id2="BNseIzqGAqCsMBMJ" name1="hipLength" name2="hipLength" parent1="9lgQozqGAqCsMBD5" parent2="b29OIzqGAqCsMBLb"/>
	<unChangeModel changeType="1" id1="vlgQozqGAqCsMBER" id2="Y9ceIzqGAqCsMBML" name1="shoulderLength" name2="shoulderLength" parent1="9lgQozqGAqCsMBD5" parent2="b29OIzqGAqCsMBLb"/>
	<unChangeModel changeType="1" id1="Iy2eIzqGAqCsMBMP" id2="vlgQozqGAqCsMBET" name1="sleeveLength" name2="sleeveLength" parent1="b29OIzqGAqCsMBLb" parent2="9lgQozqGAqCsMBD5"/>
	<unChangeModel changeType="0" id1="aJX4ozqGAqCsMBNs" id2="sKtwozqGAqCsMBLv" name1="Tag" name2="Tag"/>
	<unChangeModel changeType="1" id1="vanwozqGAqCsMBME" id2="mJX4ozqGAqCsMBNu" name1="$key" name2="$key" parent1="sKtwozqGAqCsMBLv" parent2="aJX4ozqGAqCsMBNs"/>
	<unChangeModel changeType="1" id1="WJX4ozqGAqCsMBNw" id2="u2PwozqGAqCsMBMG" name1="itemKey" name2="itemKey" parent1="aJX4ozqGAqCsMBNs" parent2="sKtwozqGAqCsMBLv"/>
	<unChangeModel changeType="1" id1="qucYozqGAqCsMBMI" id2="2JX4ozqGAqCsMBNy" name1="tagKey" name2="tagKey" parent1="sKtwozqGAqCsMBLv" parent2="aJX4ozqGAqCsMBNs"/>
	<unChangeModel changeType="0" id1="N7vYozqGAqCsMBMp" id2="2JX4ozqGAqCsMBN0" name1="Department" name2="Department"/>
	<unChangeModel changeType="1" id1="cYw4ozqGAqCsMBMx" id2="uJX4ozqGAqCsMBN2" name1="$key" name2="$key" parent1="N7vYozqGAqCsMBMp" parent2="2JX4ozqGAqCsMBN0"/>
	<unChangeModel changeType="1" id1=".JX4ozqGAqCsMBN4" id2="qws4ozqGAqCsMBMz" name1="name" name2="name" parent1="2JX4ozqGAqCsMBN0" parent2="N7vYozqGAqCsMBMp"/>
	<unChangeModel changeType="1" id1="CdEsozqGAqCsMBOy" id2="d4AsozqGAqCsMBOt" name1="TransactionDate" name2="transactionDate" parent1="Tv26gzqGAqCsMBCE" parent2="LFgQozqGAqCsMBCb"/>
	<AttrInitialVal id="7ZgQozqGAqCsMA_t" initialValue="0"/>
	<AttrInitialVal id="i5gQozqGAqCsMBAN" initialValue="0"/>
	<AttrInitialVal id="gFgQozqGAqCsMBBR" initialValue="1"/>
	<AttrInitialVal id="QFgQozqGAqCsMBBT" initialValue="1"/>
	<AttrInitialVal id="8FgQozqGAqCsMBBv" initialValue="0"/>
	<AttrInitialVal id="CFgQozqGAqCsMBBx" initialValue="0"/>
	<AttrInitialVal id="iFgQozqGAqCsMBBz" initialValue="0"/>
	<AttrInitialVal id="SFgQozqGAqCsMBB1" initialValue="0"/>
	<AttrInitialVal id="aFgQozqGAqCsMBB9" initialValue="0"/>
	<AttrInitialVal id="6FgQozqGAqCsMBB_" initialValue="0"/>
	<AttrInitialVal id="WFgQozqGAqCsMBCB" initialValue="0"/>
	<AttrInitialVal id="lFgQozqGAqCsMBCN" initialValue="0"/>
	<AttrInitialVal id="7FgQozqGAqCsMBCf" initialValue="0"/>
	<AttrInitialVal id="QlgQozqGAqCsMBCv" initialValue="0"/>
	<AttrInitialVal id="MlgQozqGAqCsMBC9" initialValue="0"/>
</ERSynModel>